{
  "version": 1,
  "author": "ilmi ananda",
  "editor": "wokwi",
  "parts": [
    { "type": "board-esp32-devkit-c-v4", "id": "esp", "top": 0, "left": 0, "attrs": {} },
    { "type": "wokwi-led", "id": "led1", "top": 44.4, "left": 186.2, "attrs": { "color": "red" } },
    {
      "type": "wokwi-resistor",
      "id": "r1",
      "top": 32.75,
      "left": 172.8,
      "attrs": { "value": "1000" }
    },
    {
      "type": "wokwi-led",
      "id": "led2",
      "top": 82.8,
      "left": 253.4,
      "attrs": { "color": "yellow" }
    },
    {
      "type": "wokwi-resistor",
      "id": "r2",
      "top": 71.15,
      "left": 249.6,
      "attrs": { "value": "1000" }
    },
    {
      "type": "wokwi-resistor",
      "id": "r3",
      "top": 90.35,
      "left": 345.6,
      "attrs": { "value": "1000" }
    },
    {
      "type": "wokwi-led",
      "id": "led3",
      "top": 111.6,
      "left": 359,
      "attrs": { "color": "limegreen" }
    }
  ],
  "connections": [
    [ "esp:TX", "$serialMonitor:RX", "", [] ],
    [ "esp:RX", "$serialMonitor:TX", "", [] ],
    [ "esp:23", "r1:1", "green", [ "h72.04" ] ],
    [ "r1:2", "led1:A", "green", [ "v48", "h-20.4" ] ],
    [ "led1:C", "esp:GND.3", "green", [ "v0", "h-105.2" ] ],
    [ "r2:2", "led2:A", "green", [ "v48", "h-20.4" ] ],
    [ "led2:C", "esp:GND.3", "green", [ "h-76.4", "v-9.6", "h-100.84" ] ],
    [ "r3:2", "led3:A", "green", [ "v57.6", "h-30" ] ],
    [ "led3:C", "esp:GND.3", "green", [ "h-162.8", "v-28.8", "h-72.04" ] ],
    [ "esp:21", "r2:1", "green", [ "h0" ] ],
    [ "r3:1", "esp:22", "green", [ "v-48", "h-240" ] ]
  ],
  "dependencies": {}
}